{
  "centroids": [
    -0.13384794403231753,
    -0.08375896775388561,
    -0.04716193453734492,
    -0.015295735736674067,
    0.015295735736674023,
    0.04716193453734486,
    0.08375896775388553,
    0.13384794403231753
  ],
  "boundaries": [
    -1.0,
    -0.10880345589310157,
    -0.06546045114561527,
    -0.031228835137009494,
    -2.168404344971009e-17,
    0.031228835137009442,
    0.06546045114561519,
    0.10880345589310153,
    1.0
  ],
  "mse_per_coord": 0.00013381251667461775,
  "mse_total": 0.034256004268702143,
  "d": 256,
  "bits": 3
}